<?xml version="1.0" encoding="UTF-8"?>
<beans xmlns="http://www.springframework.org/schema/beans"
	xmlns:xsi="http://www.w3.org/2001/XMLSchema-instance" xmlns:aop="http://www.springframework.org/schema/aop"
	xmlns:c="http://www.springframework.org/schema/c" xmlns:context="http://www.springframework.org/schema/context"
	xmlns:flow="http://www.springframework.org/schema/webflow-config"
	xmlns:jee="http://www.springframework.org/schema/jee" xmlns:jms="http://www.springframework.org/schema/jms"
	xmlns:lang="http://www.springframework.org/schema/lang" xmlns:osgi="http://www.springframework.org/schema/osgi"
	xmlns:p="http://www.springframework.org/schema/p" xmlns:tx="http://www.springframework.org/schema/tx"
	xmlns:util="http://www.springframework.org/schema/util" xmlns:sec="http://www.springframework.org/schema/security"

	xsi:schemaLocation="http://www.springframework.org/schema/beans http://www.springframework.org/schema/beans/spring-beans-3.0.xsd
          http://www.springframework.org/schema/aop http://www.springframework.org/schema/aop/spring-aop-3.0.xsd
          http://www.springframework.org/schema/context http://www.springframework.org/schema/context/spring-context-3.0.xsd
          http://www.springframework.org/schema/webflow-config http://www.springframework.org/schema/webflow-config/spring-webflow-config-2.0.xsd
          http://www.springframework.org/schema/jee http://www.springframework.org/schema/jee/spring-jee-3.0.xsd
          http://www.springframework.org/schema/jms http://www.springframework.org/schema/jms/spring-jms-3.0.xsd
          http://www.springframework.org/schema/lang http://www.springframework.org/schema/lang/spring-lang-3.0.xsd
          http://www.springframework.org/schema/osgi http://www.springframework.org/schema/osgi/spring-osgi-1.2.xsd
          http://www.springframework.org/schema/tx http://www.springframework.org/schema/tx/spring-tx-3.0.xsd
          http://www.springframework.org/schema/util http://www.springframework.org/schema/util/spring-util-3.0.xsd
          http://www.springframework.org/schema/security http://www.springframework.org/schema/security/spring-security-3.0.xsd">

	<!-- Seta anotações para serem usadas pelo spring -->
	<context:annotation-config />

	<!--Define o pacote onde o spring vai buscar por beans anotados -->
	<context:component-scan 
		base-package="br.com.ufba.security.dao;br.com.ufba.security.dao.impl;br.com.ufba.security.rn;br.com.ufba.security.facade;br.com.ufba.security.facade.impl;
    org.springframework.security;br.com.ufba.security.bean;br.com.ufba.security.converter;" />

	<!-- Define que as transações serão anotadas -->
	<tx:annotation-driven />

	<!-- Configuração do banco de dados -->
	<bean id="dataSource"
		class="org.springframework.jdbc.datasource.DriverManagerDataSource">
		<property name="driverClassName" value="com.mysql.jdbc.Driver" />
		<property name="url" value="jdbc:mysql://localhost/forro"/>
		<property name="username" value="root" />
		<property name="password" value="" />
	</bean>

	<!-- Configuração do Hibernate -->
	<bean id="entityManagerFactory"
		class="org.springframework.orm.jpa.LocalContainerEntityManagerFactoryBean">
		<property name="persistenceUnitName" value="securityPU" />
		<property name="dataSource" ref="dataSource" />
		<property name="jpaVendorAdapter">
			<bean class="org.springframework.orm.jpa.vendor.HibernateJpaVendorAdapter">
				<property name="databasePlatform" value="org.hibernate.dialect.MySQLDialect" />
				<property name="showSql" value="true" />
			</bean>
		</property>
	</bean>

	<!-- Configuração do genrente de transações do spring -->
	<bean id="transactionManager" class="org.springframework.orm.jpa.JpaTransactionManager">
		<property name="entityManagerFactory" ref="entityManagerFactory" />
	</bean>

	<!-- Spring Security -->
	<sec:http access-denied-page="/publico/acessonegado.xhtml">

		<!-- Todos terão acesso a pagina login.xhtml -->
        <sec:intercept-url pattern="/publico/login.xhtml" access="IS_AUTHENTICATED_ANONYMOUSLY" />
 
        <!-- Restringir acesso a todas as outras páginas -->
        <sec:intercept-url pattern="/restrito/**" access="ROLE_ADMINISTRADOR" />

		<sec:intercept-url pattern="/admin/**"
			access="ROLE_ADMINISTRADOR" />
		
		<sec:form-login login-page="/publico/login.xhtml"
			always-use-default-target="true" login-processing-url="/j_spring_security_check"
			default-target-url="/restrito/principal.xhtml"
			authentication-failure-url="/publico/login.xhtml?login_error=1" />
			
		<sec:logout logout-success-url="/publico/login.xhtml" logout-url="/j_spring_security_logout"/>
	</sec:http>
	
	
 		<sec:authentication-manager alias="authenticationManager">
<!-- 		<sec:authentication-provider>
			<sec:jdbc-user-service data-source-ref="dataSource"
				authorities-by-username-query="SELECT u.matricula, p.permissao
       				FROM usuario u, perfil p WHERE u.fkperfil = p.pkperfil AND u.matricula = ?"
				users-by-username-query="SELECT u.matricula, u.senha, u.ativo FROM usuario u, perfil p 
					WHERE u.fkperfil = p.pkperfil AND u.matricula = ?" />
		</sec:authentication-provider> -->
	</sec:authentication-manager> 

<!-- 	<sec:authentication-manager alias="authenticationManager"> -->
<!-- 		<sec:authentication-provider> -->
<!-- 			<sec:jdbc-user-service data-source-ref="dataSource" -->
<!-- 				authorities-by-username-query="SELECT s.matricula, g.permissao -->
<!--        				FROM s_usuario u, s_grupo g, s_servidor s WHERE u.fkgrupo = g.pkgrupo AND u.fkservidor = s.pkservidor AND s.matricula = ?" -->
<!-- 				users-by-username-query="SELECT s.matricula, u.senha, u.ativo FROM s_usuario u, s_servidor s  -->
<!-- 					WHERE u.fkservidor=s.pkservidor AND s.matricula = ?" /> -->
<!-- 		</sec:authentication-provider> -->
<!-- 	</sec:authentication-manager> -->
</beans>